output_frame,source_file,scroll_progress
frame-0001.webp,ezgif-frame-001.jpg,0.0
frame-0002.webp,ezgif-frame-002.jpg,0.013889
frame-0003.webp,ezgif-frame-003.jpg,0.027778
frame-0004.webp,ezgif-frame-004.jpg,0.041667
frame-0005.webp,ezgif-frame-005.jpg,0.055556
frame-0006.webp,ezgif-frame-006.jpg,0.069444
frame-0007.webp,ezgif-frame-007.jpg,0.083333
frame-0008.webp,ezgif-frame-008.jpg,0.097222
frame-0009.webp,ezgif-frame-009.jpg,0.111111
frame-0010.webp,ezgif-frame-010.jpg,0.125
frame-0011.webp,ezgif-frame-011.jpg,0.138889
frame-0012.webp,ezgif-frame-012.jpg,0.152778
frame-0013.webp,ezgif-frame-013.jpg,0.166667
frame-0014.webp,ezgif-frame-014.jpg,0.180556
frame-0015.webp,ezgif-frame-015.jpg,0.194444
frame-0016.webp,ezgif-frame-016.jpg,0.208333
frame-0017.webp,ezgif-frame-017.jpg,0.222222
frame-0018.webp,ezgif-frame-018.jpg,0.236111
frame-0019.webp,ezgif-frame-019.jpg,0.25
frame-0020.webp,ezgif-frame-020.jpg,0.263889
frame-0021.webp,ezgif-frame-021.jpg,0.277778
frame-0022.webp,ezgif-frame-022.jpg,0.291667
frame-0023.webp,ezgif-frame-023.jpg,0.305556
frame-0024.webp,ezgif-frame-024.jpg,0.319444
frame-0025.webp,ezgif-frame-025.jpg,0.333333
frame-0026.webp,ezgif-frame-026.jpg,0.347222
frame-0027.webp,ezgif-frame-027.jpg,0.361111
frame-0028.webp,ezgif-frame-028.jpg,0.375
frame-0029.webp,ezgif-frame-029.jpg,0.388889
frame-0030.webp,ezgif-frame-030.jpg,0.402778
frame-0031.webp,ezgif-frame-031.jpg,0.416667
frame-0032.webp,ezgif-frame-032.jpg,0.430556
frame-0033.webp,ezgif-frame-033.jpg,0.444444
frame-0034.webp,ezgif-frame-034.jpg,0.458333
frame-0035.webp,ezgif-frame-035.jpg,0.472222
frame-0036.webp,ezgif-frame-036.jpg,0.486111
frame-0037.webp,ezgif-frame-037.jpg,0.5
frame-0038.webp,ezgif-frame-038.jpg,0.513889
frame-0039.webp,ezgif-frame-039.jpg,0.527778
frame-0040.webp,ezgif-frame-040.jpg,0.541667
frame-0041.webp,ezgif-frame-041.jpg,0.555556
frame-0042.webp,ezgif-frame-042.jpg,0.569444
frame-0043.webp,ezgif-frame-043.jpg,0.583333
frame-0044.webp,ezgif-frame-044.jpg,0.597222
frame-0045.webp,ezgif-frame-045.jpg,0.611111
frame-0046.webp,ezgif-frame-046.jpg,0.625
frame-0047.webp,ezgif-frame-047.jpg,0.638889
frame-0048.webp,ezgif-frame-048.jpg,0.652778
frame-0049.webp,ezgif-frame-049.jpg,0.666667
frame-0050.webp,ezgif-frame-050.jpg,0.680556
frame-0051.webp,ezgif-frame-051.jpg,0.694444
frame-0052.webp,ezgif-frame-052.jpg,0.708333
frame-0053.webp,ezgif-frame-053.jpg,0.722222
frame-0054.webp,ezgif-frame-054.jpg,0.736111
frame-0055.webp,ezgif-frame-055.jpg,0.75
frame-0056.webp,ezgif-frame-056.jpg,0.763889
frame-0057.webp,ezgif-frame-057.jpg,0.777778
frame-0058.webp,ezgif-frame-058.jpg,0.791667
frame-0059.webp,ezgif-frame-059.jpg,0.805556
frame-0060.webp,ezgif-frame-060.jpg,0.819444
frame-0061.webp,ezgif-frame-061.jpg,0.833333
frame-0062.webp,ezgif-frame-062.jpg,0.847222
frame-0063.webp,ezgif-frame-063.jpg,0.861111
frame-0064.webp,ezgif-frame-064.jpg,0.875
frame-0065.webp,ezgif-frame-065.jpg,0.888889
frame-0066.webp,ezgif-frame-066.jpg,0.902778
frame-0067.webp,ezgif-frame-067.jpg,0.916667
frame-0068.webp,ezgif-frame-068.jpg,0.930556
frame-0069.webp,ezgif-frame-069.jpg,0.944444
frame-0070.webp,ezgif-frame-070.jpg,0.958333
frame-0071.webp,ezgif-frame-071.jpg,0.972222
frame-0072.webp,ezgif-frame-072.jpg,0.986111
frame-0073.webp,ezgif-frame-073.jpg,1.0
